{
  "sensitivity_c1": {
    "values": [
      0.01,
      0.5807142857142857,
      1.1514285714285715,
      1.7221428571428572,
      2.2928571428571427,
      2.8635714285714284,
      3.434285714285714,
      4.005,
      4.575714285714286,
      5.146428571428571,
      5.717142857142857,
      6.287857142857143,
      6.8585714285714285,
      7.429285714285714,
      8.0
    ],
    "nmse_db_mean": [
      -28.30517292022705,
      -26.40340566635132,
      -13.404550949732462,
      -4.888255794843038,
      -1.9255758325258892,
      -0.7837878167629242,
      -0.3090371750295162,
      -0.11685687738160293,
      -0.04097213735803962,
      -0.012711580687512955,
      -0.00381072973444437,
      -0.0010981478650743763,
      -0.0003285071519106471,
      -6.885786357694694e-05,
      0.0
    ],
    "nmse_db_std": [
      0.20864969347976023,
      1.7776757739759166,
      0.7982969510992666,
      0.11847470615303789,
      0.01860943321117465,
      0.008857592895053017,
      0.0068508574478252735,
      0.004341707107889246,
      0.0027743548769745088,
      0.002090916031754779,
      0.0009812094382583847,
      0.0003305048931750407,
      0.0001246175188884913,
      7.469533482980757e-05,
      0.0
    ]
  },
  "sensitivity_c2": {
    "values": [
      -4.0,
      -3.5,
      -3.0,
      -2.5,
      -2.0,
      -1.5,
      -1.0,
      -0.5,
      0.0,
      0.5,
      1.0,
      1.5,
      2.0,
      2.5,
      3.0
    ],
    "nmse_db_mean": [
      -28.731931845347088,
      -28.705088297526043,
      -28.65258773167928,
      -28.515738646189373,
      -28.332289854685467,
      -27.9832927385966,
      -27.356379826863606,
      -26.32579803466797,
      -24.91175651550293,
      -23.500197728474934,
      -21.85581088066101,
      -20.633853276570637,
      -19.732093811035156,
      -19.332425196965534,
      -18.96439750989278
    ],
    "nmse_db_std": [
      0.18659417218687213,
      0.17095667294991357,
      0.1247255856965565,
      0.05048684203361441,
      0.14907303233902716,
      0.40246733225123754,
      0.850760798062568,
      1.5413734831360988,
      2.4832341820751176,
      3.352670518514622,
      4.32747055133003,
      5.03506133801012,
      5.5301216085723155,
      5.723444710939908,
      5.902747833396171
    ]
  },
  "sensitivity_c3": {
    "values": [
      0.5,
      1.3214285714285714,
      2.142857142857143,
      2.9642857142857144,
      3.7857142857142856,
      4.607142857142857,
      5.428571428571429,
      6.25,
      7.071428571428571,
      7.892857142857142,
      8.714285714285714,
      9.535714285714285,
      10.357142857142858,
      11.178571428571429,
      12.0
    ],
    "nmse_db_mean": [
      32.852911949157715,
      83.34232648213704,
      96.12698872884114,
      96.85943603515625,
      96.85943603515625,
      96.85943603515625,
      96.85943603515625,
      96.85943603515625,
      96.85943603515625,
      96.85943603515625,
      96.85943603515625,
      96.85943603515625,
      96.85943603515625,
      96.85943603515625,
      96.85943603515625
    ],
    "nmse_db_std": [
      1.4191007992237132,
      2.3610475853091466,
      2.735420950257691,
      2.7679001990471197,
      2.7679001990471197,
      2.7679001990471197,
      2.7679001990471197,
      2.7679001990471197,
      2.7679001990471197,
      2.7679001990471197,
      2.7679001990471197,
      2.7679001990471197,
      2.7679001990471197,
      2.7679001990471197,
      2.7679001990471197
    ]
  },
  "mechanism_tree_hard": {
    "nmse_db_mean": -28.800077438354492,
    "nmse_db_std": 0.11133266042404501,
    "precision_mean": 0.7395241459210714,
    "recall_mean": 1.0
  },
  "mechanism_tree_threshold": {
    "nmse_db_mean": -9.46575383345286,
    "nmse_db_std": 2.2630372906775915,
    "precision_mean": 0.7397918701171875,
    "recall_mean": 0.9628666241963705
  },
  "mechanism_hybrid_tree": {
    "nmse_db_mean": -28.65566889444987,
    "nmse_db_std": 0.1001091793280713,
    "precision_mean": 0.6633364756902059,
    "recall_mean": 1.0
  },
  "rho=0.1": {
    "nmse_db_mean": -26.63103977839152,
    "nmse_db_std": 1.4069413040641776
  },
  "rho=0.2": {
    "nmse_db_mean": -26.625107129414875,
    "nmse_db_std": 1.4084295986328854
  },
  "rho=0.3": {
    "nmse_db_mean": -27.155152161916096,
    "nmse_db_std": 1.0720686280237801
  },
  "rho=0.5": {
    "nmse_db_mean": -28.65566889444987,
    "nmse_db_std": 0.1001091793280713
  },
  "rho=0.7": {
    "nmse_db_mean": -19.31011478106181,
    "nmse_db_std": 2.788984558028187
  },
  "rho=0.9": {
    "nmse_db_mean": -9.592633446057638,
    "nmse_db_std": 1.7858433532049423
  }
}