{
  "Tree-ALISTA": {
    "trajectory_mean": [
      0.0,
      -4.2252276341120405,
      -5.315284927686055,
      -7.013043761253357,
      -8.292348583539328,
      -9.002432624499003,
      -9.767125248908997,
      -10.502632856369019,
      -11.331520477930704,
      -11.697963078816732,
      -12.233059803644815,
      -12.772088050842285,
      -13.564689954121908,
      -13.642321427663168,
      -14.091644684473673,
      -14.550542831420898,
      -15.002482732137045
    ],
    "trajectory_std": [
      0.0,
      0.01177356591816637,
      0.027765728083645667,
      0.02537906379637059,
      0.023864407551490708,
      0.02291489646831875,
      0.022719003799166786,
      0.021695477242058746,
      0.01961870384418165,
      0.021585687056168475,
      0.021406632454852165,
      0.02163336694581918,
      0.023580399667973255,
      0.024831353966220795,
      0.02671332333117561,
      0.03026669515104551,
      0.03594879469741451
    ],
    "final_nmse_mean": -15.002482732137045,
    "final_nmse_std": 0.03594879469741451
  },
  "Tree-ALISTA-Sym": {
    "trajectory_mean": [
      0.0,
      -3.4882912039756775,
      -4.1138409574826555,
      -4.902774890263875,
      -6.670410235722859,
      -7.5799451271692915,
      -8.280424873034159,
      -8.900662064552307,
      -9.758961200714111,
      -10.527869462966919,
      -10.943640867869059,
      -11.513388554255167,
      -12.240293423334757,
      -12.657297849655151,
      -13.143311738967896,
      -13.296220699946085,
      -13.62924893697103
    ],
    "trajectory_std": [
      0.0,
      0.0192626467354751,
      0.025951900153157972,
      0.028811451281014273,
      0.025130576921916874,
      0.027381970873627048,
      0.018917187293439042,
      0.025082254701467865,
      0.019458407193525668,
      0.03931757536230543,
      0.024687461602970202,
      0.051827203583991496,
      0.03989891842958847,
      0.06142262772758166,
      0.06953055589373468,
      0.14198312251405648,
      0.3281879497120878
    ],
    "final_nmse_mean": -13.62924893697103,
    "final_nmse_std": 0.3281879497120878
  },
  "Tree-ALISTA-MM": {
    "trajectory_mean": [
      0.0,
      -2.8276981910069785,
      -5.875566800435384,
      -8.578329086303711,
      -11.095395485560099,
      -13.12014102935791,
      -14.765753746032715,
      -16.176466941833496,
      -17.387343247731526,
      -18.3224614461263,
      -19.061248699824016,
      -19.679280519485474,
      -20.29661814371745,
      -18.702971537907917,
      -17.72853930791219,
      -17.246903975804646,
      -17.017712195714314
    ],
    "trajectory_std": [
      0.0,
      0.00570305527706687,
      0.022634677909393972,
      0.02405016999660948,
      0.024353271069207278,
      0.018158187117841465,
      0.01990525406802805,
      0.027492030866191414,
      0.04141737087360379,
      0.05448962726559178,
      0.06871268323553169,
      0.08330178662303868,
      0.100163510295234,
      0.06516943344975873,
      0.0460468216268259,
      0.035153664112742046,
      0.029123187800285513
    ],
    "final_nmse_mean": -17.017712195714314,
    "final_nmse_std": 0.029123187800285513
  },
  "Tree-ALISTA-MM-Sym": {
    "trajectory_mean": [
      0.0,
      -2.707555095354716,
      -4.0767353773117065,
      -4.6435948212941485,
      -6.238210399945577,
      -8.354207873344421,
      -9.188562830289206,
      -10.168007214864096,
      -11.59585197766622,
      -11.565231482187906,
      -9.750355879465738,
      -6.220881740252177,
      -2.197077671686808,
      5.442817807197571,
      15.972104668617249,
      27.283377647399902,
      38.8020126024882
    ],
    "trajectory_std": [
      0.0,
      0.14268915322929066,
      0.09799892056521912,
      0.054060137106959935,
      0.22021639128609574,
      0.2168903236939206,
      0.24660785584841008,
      0.33036432041081065,
      0.2141682172927839,
      1.233464192537389,
      5.0834477346986615,
      9.954214664168788,
      14.979664611512913,
      17.614609049531392,
      18.293896599582375,
      18.480916433790863,
      18.569282303503236
    ],
    "final_nmse_mean": 38.8020126024882,
    "final_nmse_std": 18.569282303503236
  },
  "Tree-HyperLISTA-Elem": {
    "trajectory_mean": [
      0.0,
      -3.122971852620443,
      -4.552052617073059,
      -5.717055996259053,
      -6.646065314610799,
      -7.426778078079224,
      -8.142476081848145,
      -8.83438547452291,
      -9.472059806187948,
      -10.13830562432607,
      -10.786283612251282,
      -11.519006490707397,
      -12.302574316660563,
      -13.124271233876547,
      -13.991381525993347,
      -14.889880220095316,
      -15.74658771355947
    ],
    "trajectory_std": [
      0.0,
      0.1040779682524201,
      0.21088439872776804,
      0.36676102549436496,
      0.5793284820232866,
      0.7763365502478912,
      1.0500044944685138,
      1.3353096799545137,
      1.6432826360285837,
      2.0588266218607165,
      2.5069820652809334,
      3.0515621561534987,
      3.7119570693761386,
      4.468220205640447,
      5.31843001424821,
      6.23950968768194,
      7.059577724285269
    ],
    "final_nmse_mean": -15.74658771355947,
    "final_nmse_std": 7.059577724285269
  },
  "Tree-HyperLISTA": {
    "trajectory_mean": [
      0.0,
      -2.6595188677310944,
      -4.306945900122325,
      -5.540987650553386,
      -7.064935962359111,
      -9.084019164244333,
      -12.051234940687815,
      -14.920523365338644,
      -17.134607434272766,
      -19.10945435365041,
      -20.73746681213379,
      -22.620370388031006,
      -24.568151235580444,
      -26.21697187423706,
      -27.470165093739826,
      -28.28325351079305,
      -28.65546941757202
    ],
    "trajectory_std": [
      0.0,
      0.23472802166893855,
      0.6553846151162491,
      1.223399755818078,
      2.029398186866923,
      3.4262219361524915,
      5.525386385589749,
      7.015854478064848,
      7.901722634624582,
      8.033723523284014,
      7.853605539755355,
      6.732601176166057,
      4.98178261013946,
      3.319633097442014,
      1.9357703109101418,
      0.869823032073491,
      0.10019146498101225
    ],
    "final_nmse_mean": -28.65546941757202,
    "final_nmse_std": 0.10019146498101225
  }
}