{
  "rho": [
    0.1,
    0.5
  ],
  "nmse_db_mean": [
    -2.7270284295082092,
    -2.7267909049987793
  ],
  "nmse_db_std": [
    0.0,
    0.0
  ]
}