{
  "snr_db": [
    10.0,
    20.0,
    30.0
  ],
  "HyperLISTA": {
    "nmse_db_mean": [
      -2.111891955137253,
      -3.758198618888855,
      -4.094876646995544
    ],
    "nmse_db_std": [
      0.0,
      0.0,
      0.0
    ]
  },
  "Tree-FISTA": {
    "nmse_db_mean": [
      -3.5578960180282593,
      -4.064837992191315,
      -4.133349657058716
    ],
    "nmse_db_std": [
      0.0,
      0.0,
      0.0
    ]
  },
  "Tree-CoSaMP": {
    "nmse_db_mean": [
      -1.8636325001716614,
      -7.721027731895447,
      -9.197402000427246
    ],
    "nmse_db_std": [
      0.0,
      0.0,
      0.0
    ]
  },
  "TH-hybrid": {
    "nmse_db_mean": [
      -3.0571433901786804,
      -3.8605743646621704,
      -3.987743854522705
    ],
    "nmse_db_std": [
      0.0,
      0.0,
      0.0
    ]
  }
}