{
  "ratios": [
    0.5,
    1.0,
    1.5
  ],
  "HyperLISTA": {
    "nmse_db_mean": [
      -5.926055908203125,
      -4.248756468296051,
      -0.6720561534166336
    ],
    "nmse_db_std": [
      0.0,
      0.0,
      0.0
    ]
  },
  "TH-hard": {
    "nmse_db_mean": [
      -19.137204885482788,
      -4.446039497852325,
      -1.7984220385551453
    ],
    "nmse_db_std": [
      0.0,
      0.0,
      0.0
    ]
  },
  "TH-hybrid": {
    "nmse_db_mean": [
      -6.219177842140198,
      -4.404097497463226,
      -1.9420751929283142
    ],
    "nmse_db_std": [
      0.0,
      0.0,
      0.0
    ]
  },
  "Tree-CoSaMP": {
    "nmse_db_mean": [
      -22.1942400932312,
      -6.768081188201904,
      0.10349217802286148
    ],
    "nmse_db_std": [
      0.0,
      0.0,
      0.0
    ]
  }
}