{
  "sensitivity_c1": {
    "values": [
      0.01,
      0.5807142857142857,
      1.1514285714285715,
      1.7221428571428572,
      2.2928571428571427,
      2.8635714285714284,
      3.434285714285714,
      4.005,
      4.575714285714286,
      5.146428571428571,
      5.717142857142857,
      6.287857142857143,
      6.8585714285714285,
      7.429285714285714,
      8.0
    ],
    "nmse_db_mean": [
      -18.82566475868225,
      -19.738308906555176,
      -19.883819580078125,
      -19.298796892166138,
      -17.982276916503906,
      -16.021187782287598,
      -13.542435646057129,
      -10.723043203353882,
      -7.769666433334351,
      -4.908275127410889,
      -2.4976996779441833,
      -1.1135427504777908,
      -0.504399798810482,
      -0.2303570844233036,
      -0.1027798019349575
    ],
    "nmse_db_std": [
      1.1695880475618123,
      0.7585198189812269,
      0.36431887291367365,
      0.044543239331552215,
      0.2094617243394352,
      0.29861409099412123,
      0.3090183454940038,
      0.25343520760083876,
      0.16899044797367258,
      0.0953705282596298,
      0.047773722688971884,
      0.027430891155524204,
      0.01598014514938018,
      0.010151317000311766,
      0.006241738256649163
    ]
  },
  "sensitivity_c2": {
    "values": [
      -4.0,
      -3.5,
      -3.0,
      -2.5,
      -2.0,
      -1.5,
      -1.0,
      -0.5,
      0.0,
      0.5,
      1.0,
      1.5,
      2.0,
      2.5,
      3.0
    ],
    "nmse_db_mean": [
      -19.614259958267212,
      -19.53538203239441,
      -19.42803931236267,
      -19.240678548812866,
      -18.914280891418457,
      -18.34379482269287,
      -17.338177919387817,
      -15.752310276031494,
      -13.719220161437988,
      -11.509832382202148,
      -9.343871116638184,
      -7.717570185661316,
      -6.476613938808441,
      -5.67388978600502,
      -5.1817363649606705
    ],
    "nmse_db_std": [
      0.3195320970278428,
      0.2986837399871944,
      0.30374116755354863,
      0.31286174659326377,
      0.4020404744410386,
      0.6400521686558337,
      1.0338103904442084,
      1.6648157805447212,
      2.2338304409755,
      2.75360732866525,
      3.0209339403540527,
      3.1768749463428723,
      3.327241626950415,
      3.470611730220551,
      3.5335690200480405
    ]
  },
  "sensitivity_c3": {
    "values": [
      0.5,
      1.3214285714285714,
      2.142857142857143,
      2.9642857142857144,
      3.7857142857142856,
      4.607142857142857,
      5.428571428571429,
      6.25,
      7.071428571428571,
      7.892857142857142,
      8.714285714285714,
      9.535714285714285,
      10.357142857142858,
      11.178571428571429,
      12.0
    ],
    "nmse_db_mean": [
      6.798992156982422,
      63.320804595947266,
      81.14595413208008,
      87.57461166381836,
      90.20713424682617,
      90.20713424682617,
      90.20713424682617,
      90.20713424682617,
      90.20713424682617,
      90.20713424682617,
      90.20713424682617,
      90.20713424682617,
      90.20713424682617,
      90.20713424682617,
      90.20713424682617
    ],
    "nmse_db_std": [
      3.180683812844141,
      3.59498969698465,
      4.075508984391952,
      5.7522173254148266,
      6.963910133184388,
      6.963910133184388,
      6.963910133184388,
      6.963910133184388,
      6.963910133184388,
      6.963910133184388,
      6.963910133184388,
      6.963910133184388,
      6.963910133184388,
      6.963910133184388,
      6.963910133184388
    ]
  },
  "mechanism_block_soft": {
    "nmse_db_mean": -11.034449100494385,
    "nmse_db_std": 0.10910226157942302,
    "precision_mean": 0.9639511942863465,
    "recall_mean": 1.0
  },
  "mechanism_topk_group": {
    "nmse_db_mean": -19.323459148406982,
    "nmse_db_std": 0.13975909180135837,
    "precision_mean": 0.7380952715873719,
    "recall_mean": 1.0
  },
  "mechanism_hybrid": {
    "nmse_db_mean": -19.689419746398926,
    "nmse_db_std": 0.34240825011402964,
    "precision_mean": 0.696428632736206,
    "recall_mean": 1.0
  },
  "momentum_c2=0.0": {
    "nmse_db_mean": -13.719220161437988,
    "nmse_db_std": 2.2338304409755
  },
  "momentum_c2=0.01": {
    "nmse_db_mean": -13.666332244873047,
    "nmse_db_std": 2.2410561381003133
  },
  "momentum_c2=0.05": {
    "nmse_db_mean": -13.498095750808716,
    "nmse_db_std": 2.2950250768183005
  },
  "momentum_c2=0.1": {
    "nmse_db_mean": -13.292206287384033,
    "nmse_db_std": 2.329380832553067
  },
  "momentum_c2=0.3": {
    "nmse_db_mean": -12.381292223930359,
    "nmse_db_std": 2.53630090951419
  },
  "momentum_c2=0.5": {
    "nmse_db_mean": -11.509832382202148,
    "nmse_db_std": 2.75360732866525
  },
  "momentum_c2=1.0": {
    "nmse_db_mean": -9.343871116638184,
    "nmse_db_std": 3.0209339403540527
  }
}