{
  "LISTA-Extra": {
    "K": [
      16,
      24,
      32,
      48,
      64
    ],
    "nmse_db_mean": [
      -13.282949527104696,
      -13.955937623977661,
      -14.455097516377768,
      -15.175746281941732,
      -15.647406578063965
    ],
    "nmse_db_std": [
      0.05913257025575613,
      0.06151349081421131,
      0.06317772654276597,
      0.06444014037462349,
      0.06302210223066182
    ]
  },
  "HyperLISTA": {
    "K": [
      16,
      24,
      32,
      48,
      64
    ],
    "nmse_db_mean": [
      -15.746052662531534,
      -4.313774307568868,
      34.85824783643087,
      117.54977981249492,
      201.22351050376892
    ],
    "nmse_db_std": [
      7.059437202016089,
      9.836967157488235,
      33.66217478345545,
      91.26248040946443,
      150.20916193781886
    ]
  },
  "Tree-HyperLISTA-Elem": {
    "K": [
      16,
      24,
      32,
      48,
      64
    ],
    "nmse_db_mean": [
      -15.746567249298096,
      -4.409085313479106,
      34.622482458750405,
      117.15395291646321,
      200.67041238149008
    ],
    "nmse_db_std": [
      7.059600846545556,
      9.816317081962188,
      33.53732001906878,
      91.00370014340636,
      149.83466447355042
    ]
  },
  "Tree-HyperLISTA": {
    "K": [
      16,
      24,
      32,
      48,
      64
    ],
    "nmse_db_mean": [
      -28.655816713968914,
      -20.89817802111308,
      8.69521697362264,
      107.10514068603516,
      224.3397076924642
    ],
    "nmse_db_std": [
      0.10025244263001058,
      4.603689806103818,
      11.641117430136017,
      17.654720084740294,
      17.498983486646058
    ]
  }
}