{
  "ratio_0.1": {
    "Tree-CoSaMP": {
      "psnr_mean": 14.788649249937585,
      "psnr_std": 2.1696981188727222,
      "ssim_mean": 0.5365549156283407,
      "ssim_std": 0.10281878539892612
    },
    "Tree-FISTA": {
      "psnr_mean": 14.378196441880796,
      "psnr_std": 2.3790327632088992,
      "ssim_mean": 0.6924312896024702,
      "ssim_std": 0.07706324948215285
    },
    "HyperLISTA": {
      "psnr_mean": 11.912284894618821,
      "psnr_std": 1.7954988017962064,
      "ssim_mean": 0.6973693182337483,
      "ssim_std": 0.07538358479852468
    },
    "TH-hybrid": {
      "psnr_mean": 13.098222322204673,
      "psnr_std": 2.049186850360671,
      "ssim_mean": 0.7073983825316916,
      "ssim_std": 0.07496621023842574
    },
    "TH-SS-10steps": {
      "psnr_mean": 11.710411986371872,
      "psnr_std": 1.7669840303617819,
      "ssim_mean": 0.7007288300929653,
      "ssim_std": 0.07499837353999034
    },
    "TH-SS-20steps": {
      "psnr_mean": 11.71175331538024,
      "psnr_std": 1.765082352622288,
      "ssim_mean": 0.7007187044800285,
      "ssim_std": 0.07500599792902242
    },
    "TH-Amort-5steps": {
      "psnr_mean": 13.098157184254093,
      "psnr_std": 2.0492896873694835,
      "ssim_mean": 0.70739705886119,
      "ssim_std": 0.07496784868738769
    },
    "TH-Amort-10steps": {
      "psnr_mean": 13.094746703984784,
      "psnr_std": 2.0545636741519107,
      "ssim_mean": 0.7073893241009246,
      "ssim_std": 0.07497273248565377
    }
  },
  "ratio_0.25": {
    "Tree-CoSaMP": {
      "psnr_mean": 27.04113590281342,
      "psnr_std": 3.0752625005622622,
      "ssim_mean": 0.8394340806375781,
      "ssim_std": 0.03467284438322336
    },
    "Tree-FISTA": {
      "psnr_mean": 19.76238270585871,
      "psnr_std": 3.8153408111669957,
      "ssim_mean": 0.8244988199410415,
      "ssim_std": 0.06269175570233183
    },
    "HyperLISTA": {
      "psnr_mean": 13.693349307509232,
      "psnr_std": 2.0717699491240857,
      "ssim_mean": 0.7269145351897798,
      "ssim_std": 0.07002492391777712
    },
    "TH-hybrid": {
      "psnr_mean": 18.823473567594164,
      "psnr_std": 1.5186792023384927,
      "ssim_mean": 0.8116319118939324,
      "ssim_std": 0.04628947041189196
    },
    "TH-SS-10steps": {
      "psnr_mean": 13.526915680478371,
      "psnr_std": 1.711475745160482,
      "ssim_mean": 0.726453901927108,
      "ssim_std": 0.06982217620420701
    },
    "TH-SS-20steps": {
      "psnr_mean": 13.527757633103004,
      "psnr_std": 1.710792755942165,
      "ssim_mean": 0.7264591915057989,
      "ssim_std": 0.06982143963810881
    },
    "TH-Amort-5steps": {
      "psnr_mean": 18.8148871796206,
      "psnr_std": 1.5340318301585747,
      "ssim_mean": 0.8114662262307087,
      "ssim_std": 0.04652764043380487
    },
    "TH-Amort-10steps": {
      "psnr_mean": 18.82387534112135,
      "psnr_std": 1.5179493403296953,
      "ssim_mean": 0.8116369039482355,
      "ssim_std": 0.046282378466579115
    }
  },
  "ratio_0.5": {
    "Tree-CoSaMP": {
      "psnr_mean": 28.6701468008023,
      "psnr_std": 3.8106362881368376,
      "ssim_mean": 0.9266248996826282,
      "ssim_std": 0.023280767076972773
    },
    "Tree-FISTA": {
      "psnr_mean": 23.611389893445228,
      "psnr_std": 3.2817537268837946,
      "ssim_mean": 0.8899567915063251,
      "ssim_std": 0.04180423376872002
    },
    "HyperLISTA": {
      "psnr_mean": 21.56177110598268,
      "psnr_std": 1.5328868213998195,
      "ssim_mean": 0.8555281830433612,
      "ssim_std": 0.028974297865874632
    },
    "TH-hybrid": {
      "psnr_mean": 30.958859826334333,
      "psnr_std": 1.5412511962653683,
      "ssim_mean": 0.9531908414627907,
      "ssim_std": 0.010367051866195685
    },
    "TH-SS-10steps": {
      "psnr_mean": 20.85285129718224,
      "psnr_std": 1.1498756041708047,
      "ssim_mean": 0.8571775549033038,
      "ssim_std": 0.028753839258847422
    },
    "TH-SS-20steps": {
      "psnr_mean": 20.852855254925267,
      "psnr_std": 1.1498747049572116,
      "ssim_mean": 0.857177380824176,
      "ssim_std": 0.02875408728106571
    },
    "TH-Amort-5steps": {
      "psnr_mean": 30.958862067249626,
      "psnr_std": 1.541248328844621,
      "ssim_mean": 0.9531908607479045,
      "ssim_std": 0.010366913141439671
    },
    "TH-Amort-10steps": {
      "psnr_mean": 30.958882612024325,
      "psnr_std": 1.541234163047113,
      "ssim_mean": 0.9531914359445784,
      "ssim_std": 0.010366247141394063
    }
  }
}