{
  "ratio_0.1": {
    "Tree-FISTA": {
      "psnr_mean": 14.378196441880796,
      "psnr_std": 2.3790327632088992,
      "ssim_mean": 0.6924312896024702,
      "ssim_std": 0.07706324948215285
    },
    "Tree-IHT": {
      "psnr_mean": 13.574192711642972,
      "psnr_std": 2.093439382987106,
      "ssim_mean": 0.5744444025786379,
      "ssim_std": 0.09349282454389267
    },
    "Tree-CoSaMP": {
      "psnr_mean": 14.788649151184545,
      "psnr_std": 2.169698180997077,
      "ssim_mean": 0.5365549173857277,
      "ssim_std": 0.102818785312695
    },
    "ALISTA": {
      "psnr_mean": 13.977363845547199,
      "psnr_std": 2.181438626310208,
      "ssim_mean": 0.506043883216294,
      "ssim_std": 0.11176182255892657
    },
    "HyperLISTA": {
      "psnr_mean": 11.912232829943054,
      "psnr_std": 1.7959969720366202,
      "ssim_mean": 0.6973684524841544,
      "ssim_std": 0.07538400077616679
    },
    "Group-FISTA": {
      "psnr_mean": 13.162840241688423,
      "psnr_std": 1.9578994045854832,
      "ssim_mean": 0.49915179909793295,
      "ssim_std": 0.1173075461138731
    },
    "SH-topk": {
      "psnr_mean": 12.804882957479924,
      "psnr_std": 2.645560210624541,
      "ssim_mean": 0.6077987642809426,
      "ssim_std": 0.08681895272825191
    },
    "TH-hybrid": {
      "psnr_mean": 13.098189237571315,
      "psnr_std": 2.0492298493007586,
      "ssim_mean": 0.7073975793628065,
      "ssim_std": 0.07496700178647596
    },
    "TH-hard": {
      "psnr_mean": 8.15056962391303,
      "psnr_std": 1.041957416386987,
      "ssim_mean": 0.27690883919426584,
      "ssim_std": 0.03940844134480677
    }
  },
  "ratio_0.25": {
    "Tree-FISTA": {
      "psnr_mean": 19.76238270585871,
      "psnr_std": 3.8153408111669957,
      "ssim_mean": 0.8244988199410415,
      "ssim_std": 0.06269175570233183
    },
    "Tree-IHT": {
      "psnr_mean": 16.599116350473203,
      "psnr_std": 2.853552056218628,
      "ssim_mean": 0.6499849994046305,
      "ssim_std": 0.07812037291466349
    },
    "Tree-CoSaMP": {
      "psnr_mean": 27.03901837041812,
      "psnr_std": 3.074611117327726,
      "ssim_mean": 0.8393055883330183,
      "ssim_std": 0.03471182878101801
    },
    "ALISTA": {
      "psnr_mean": 21.025652360108005,
      "psnr_std": 3.4239228740822814,
      "ssim_mean": 0.713126242768944,
      "ssim_std": 0.08153764528512354
    },
    "HyperLISTA": {
      "psnr_mean": 13.692792261175615,
      "psnr_std": 2.072306790140773,
      "ssim_mean": 0.7268990521150307,
      "ssim_std": 0.07003400058736163
    },
    "Group-FISTA": {
      "psnr_mean": 17.045873244936136,
      "psnr_std": 2.732751499295858,
      "ssim_mean": 0.642519562867966,
      "ssim_std": 0.10128465176214302
    },
    "SH-topk": {
      "psnr_mean": 18.425357861619524,
      "psnr_std": 4.144801615847312,
      "ssim_mean": 0.7443174702736306,
      "ssim_std": 0.08159703053762332
    },
    "TH-hybrid": {
      "psnr_mean": 20.22874915209834,
      "psnr_std": 1.7414695071782451,
      "ssim_mean": 0.8340094954437811,
      "ssim_std": 0.045137629074748255
    },
    "TH-hard": {
      "psnr_mean": 19.03120779784482,
      "psnr_std": 4.587670592484556,
      "ssim_mean": 0.773865459679544,
      "ssim_std": 0.04673447369122027
    }
  },
  "ratio_0.5": {
    "Tree-FISTA": {
      "psnr_mean": 25.131570980874145,
      "psnr_std": 4.460430689305954,
      "ssim_mean": 0.8997868248365393,
      "ssim_std": 0.04506129444045942
    },
    "Tree-IHT": {
      "psnr_mean": 21.772064916850965,
      "psnr_std": 3.8375429050895478,
      "ssim_mean": 0.768916520443627,
      "ssim_std": 0.05759872672702811
    },
    "Tree-CoSaMP": {
      "psnr_mean": 28.67014689603606,
      "psnr_std": 3.810636456084198,
      "ssim_mean": 0.9266249133514022,
      "ssim_std": 0.02328074475185675
    },
    "ALISTA": {
      "psnr_mean": 35.17902251684573,
      "psnr_std": 2.8994465513225958,
      "ssim_mean": 0.9647569361971423,
      "ssim_std": 0.016083206505013957
    },
    "HyperLISTA": {
      "psnr_mean": 21.561770907315918,
      "psnr_std": 1.532886832950642,
      "ssim_mean": 0.8555281812515739,
      "ssim_std": 0.028974299100616236
    },
    "Group-FISTA": {
      "psnr_mean": 25.7246477216156,
      "psnr_std": 2.5530415451133046,
      "ssim_mean": 0.853742028686205,
      "ssim_std": 0.0440005356958372
    },
    "SH-topk": {
      "psnr_mean": 24.672468239996,
      "psnr_std": 4.373068321039567,
      "ssim_mean": 0.6663870973592123,
      "ssim_std": 0.12500109867247325
    },
    "TH-hybrid": {
      "psnr_mean": 31.661444699117844,
      "psnr_std": 1.7229435826516857,
      "ssim_mean": 0.9516790589945274,
      "ssim_std": 0.012146655579882665
    },
    "TH-hard": {
      "psnr_mean": 31.581777487203624,
      "psnr_std": 1.9098686047992417,
      "ssim_mean": 0.9319543722593671,
      "ssim_std": 0.015225139225659766
    }
  }
}