{
  "snr_db": {
    "values": [
      15.0,
      20.0,
      25.0,
      35.0,
      40.0
    ],
    "Group-ISTA": {
      "nmse_db_mean": [
        -4.162794649600983,
        -4.321822822093964,
        -4.374033808708191,
        -4.396186172962189,
        -4.397911727428436
      ],
      "nmse_db_std": [
        0.0,
        0.0,
        0.0,
        0.0,
        0.0
      ]
    },
    "Group-FISTA": {
      "nmse_db_mean": [
        -7.449107766151428,
        -8.073349595069885,
        -8.297984600067139,
        -8.3965665102005,
        -8.404309749603271
      ],
      "nmse_db_std": [
        0.0,
        0.0,
        0.0,
        0.0,
        0.0
      ]
    },
    "BlockLISTA": {
      "nmse_db_mean": [
        -11.65091872215271,
        -14.532399892807007,
        -15.955820083618164,
        -16.696500778198242,
        -16.758950233459473
      ],
      "nmse_db_std": [
        0.05136431094283813,
        0.09301254250047654,
        0.12793305067533356,
        0.15676114420380163,
        0.16081117307353912
      ]
    },
    "ALISTA": {
      "nmse_db_mean": [
        -5.040673732757568,
        -6.057341933250427,
        -6.498079776763916,
        -6.70694887638092,
        -6.723454117774963
      ],
      "nmse_db_std": [
        0.003821233004586589,
        0.005885676837161301,
        0.008855254511921103,
        0.009985236104133424,
        0.009943796412367294
      ]
    },
    "Ada-BLISTA-T": {
      "nmse_db_mean": [
        -11.006008386611938,
        -13.407508373260498,
        -14.485388994216919,
        -15.00568151473999,
        -15.050090074539185
      ],
      "nmse_db_std": [
        0.14730105691147138,
        0.17320400763438368,
        0.2589699827367707,
        0.2918933069468146,
        0.3017426987990445
      ]
    },
    "HyperLISTA": {
      "nmse_db_mean": [
        -3.9872273802757263,
        -4.313263893127441,
        -4.445935368537903,
        -4.506779789924622,
        -4.51082968711853
      ],
      "nmse_db_std": [
        0.18944887391672446,
        0.22425766854733525,
        0.23742426013785625,
        0.23834483008933827,
        0.23728709153490116
      ]
    },
    "SH-block_soft": {
      "nmse_db_mean": [
        -7.419833421707153,
        -9.463720202445984,
        -10.956571817398071,
        -11.99748182296753,
        -12.099122285842896
      ],
      "nmse_db_std": [
        0.00015067714675265088,
        0.0009051195933198839,
        0.0018603055718539139,
        0.002983607707579918,
        0.0031312386739373635
      ]
    },
    "SH-hybrid": {
      "nmse_db_mean": [
        -13.882034540176392,
        -17.08284044265747,
        -19.09474492073059,
        -20.371662616729736,
        -20.492937088012695
      ],
      "nmse_db_std": [
        0.21252608953141916,
        0.2939731146447146,
        0.2576189952679317,
        0.21153518514899328,
        0.2130919526284128
      ]
    }
  },
  "num_active_groups": {
    "values": [
      2,
      3,
      5,
      6,
      7
    ],
    "Group-ISTA": {
      "nmse_db_mean": [
        -6.775248050689697,
        -5.458714962005615,
        -4.390814304351807,
        -3.9926478266716003,
        -3.8104820251464844
      ],
      "nmse_db_std": [
        0.0,
        0.0,
        0.0,
        0.0,
        0.0
      ]
    },
    "Group-FISTA": {
      "nmse_db_mean": [
        -19.829105138778687,
        -13.449770212173462,
        -8.372472524642944,
        -6.955366730690002,
        -6.177970767021179
      ],
      "nmse_db_std": [
        0.0,
        0.0,
        0.0,
        0.0,
        0.0
      ]
    },
    "BlockLISTA": {
      "nmse_db_mean": [
        -24.962127208709717,
        -23.036624908447266,
        -16.507294178009033,
        -12.701331615447998,
        -9.685842871665955
      ],
      "nmse_db_std": [
        0.24404022857553562,
        0.11835569975756453,
        0.14765236797515022,
        0.07300730071005646,
        0.013417080026798577
      ]
    },
    "ALISTA": {
      "nmse_db_mean": [
        -12.845100164413452,
        -10.187079429626465,
        -6.6551079750061035,
        -5.365926504135132,
        -4.761134922504425
      ],
      "nmse_db_std": [
        0.05036806713152882,
        0.03620626938510244,
        0.009027731001456353,
        0.004217253515561682,
        0.0016551192701913142
      ]
    },
    "Ada-BLISTA-T": {
      "nmse_db_mean": [
        -19.983083486557007,
        -20.067439794540405,
        -14.879986763000488,
        -8.211630702018738,
        0.412624329328537
      ],
      "nmse_db_std": [
        0.09061411333698652,
        0.114585751937541,
        0.2892659276922502,
        1.265928377862439,
        2.8590302901278863
      ]
    },
    "HyperLISTA": {
      "nmse_db_mean": [
        -6.042623400688171,
        -5.412994384765625,
        -4.492626130580902,
        1.408974528312683,
        28.65751576423645
      ],
      "nmse_db_std": [
        0.6051053436977902,
        0.44757677835313814,
        0.2391171425287243,
        5.565200859989812,
        8.50023198344069
      ]
    },
    "SH-block_soft": {
      "nmse_db_mean": [
        -16.193586826324463,
        -14.238476276397705,
        -11.705338954925537,
        -9.184803128242493,
        28.47783327102661
      ],
      "nmse_db_std": [
        0.0019617421159307162,
        0.0028838555485803208,
        0.002601355934119229,
        0.15767457152528253,
        4.39324832916667
      ]
    },
    "SH-hybrid": {
      "nmse_db_mean": [
        -25.555946350097656,
        -24.24145793914795,
        -20.025885820388794,
        -14.076457023620605,
        -9.59752333164215
      ],
      "nmse_db_std": [
        5.416074998536557,
        3.7454588425842332,
        0.24037834856288667,
        0.6053682620703401,
        1.0534475062113544
      ]
    }
  },
  "group_size": {
    "values": [
      5,
      8,
      12,
      15
    ],
    "Group-ISTA": {
      "nmse_db_mean": [
        -4.922237992286682,
        -4.129261672496796,
        -3.7338045239448547,
        -3.579758107662201
      ],
      "nmse_db_std": [
        0.0,
        0.0,
        0.0,
        0.0
      ]
    },
    "Group-FISTA": {
      "nmse_db_mean": [
        -10.069870948791504,
        -7.035011053085327,
        -5.750925540924072,
        -5.24811327457428
      ],
      "nmse_db_std": [
        0.0,
        0.0,
        0.0,
        0.0
      ]
    },
    "BlockLISTA": {
      "nmse_db_mean": [
        -15.861036777496338,
        -10.694746971130371,
        -8.117938756942749,
        -6.6764057874679565
      ],
      "nmse_db_std": [
        0.03285121058270058,
        0.033733439566071236,
        0.06239797780642188,
        0.05102506855319755
      ]
    },
    "ALISTA": {
      "nmse_db_mean": [
        -11.444701433181763,
        -8.123831629753113,
        -5.5228928327560425,
        -4.443062722682953
      ],
      "nmse_db_std": [
        0.04696614948751838,
        0.02062072024828162,
        0.004598515574496531,
        0.0015101698638056529
      ]
    },
    "Ada-BLISTA-T": {
      "nmse_db_mean": [
        -15.371749877929688,
        -8.844029068946838,
        2.0460861325263977,
        13.10121500492096
      ],
      "nmse_db_std": [
        0.28733732677201906,
        0.5414433343430958,
        4.10209543343181,
        3.6519298964707176
      ]
    },
    "HyperLISTA": {
      "nmse_db_mean": [
        -5.637898325920105,
        -4.920006990432739,
        -0.9464969635009766,
        34.379279136657715
      ],
      "nmse_db_std": [
        0.49309922082210494,
        0.3417060137271987,
        3.2798711603829855,
        6.887597045726347
      ]
    },
    "SH-block_soft": {
      "nmse_db_mean": [
        -1.806690126657486,
        -3.4993324279785156,
        -4.066954970359802,
        46.91400909423828
      ],