{
  "snr_db": {
    "values": [
      15.0,
      20.0,
      25.0,
      35.0,
      40.0
    ],
    "Tree-ISTA": {
      "nmse_db_mean": [
        -5.712115168571472,
        -5.927988886833191,
        -5.9959876537323,
        -6.012955904006958,
        -6.017805337905884
      ],
      "nmse_db_std": [
        0.0,
        0.0,
        0.0,
        0.0,
        0.0
      ]
    },
    "Tree-FISTA": {
      "nmse_db_mean": [
        -7.365816831588745,
        -8.005189895629883,
        -8.21615755558014,
        -8.369093537330627,
        -8.381708860397339
      ],
      "nmse_db_std": [
        0.0,
        0.0,
        0.0,
        0.0,
        0.0
      ]
    },
    "LISTA": {
      "nmse_db_mean": [
        -10.016192396481832,
        -12.179031372070312,
        -13.12329649925232,
        -13.563685417175293,
        -13.595396280288696
      ],
      "nmse_db_std": [
        0.05922246445260591,
        0.07348470395499757,
        0.07990490470631416,
        0.08316025173773844,
        0.083216516461202
      ]
    },
    "Tree-LISTA": {
      "nmse_db_mean": [
        -5.020567874113719,
        -5.267550349235535,
        -5.329454739888509,
        -5.34506618976593,
        -5.351262291272481
      ],
      "nmse_db_std": [
        0.03768261131897652,
        0.04203381932813183,
        0.0591097248753384,
        0.03980897734474522,
        0.04569562216470272
      ]
    },
    "Tree-IHT": {
      "nmse_db_mean": [
        -5.717254281044006,
        -5.917333960533142,
        -5.992918610572815,
        -6.019633412361145,
        -6.02216899394989
      ],
      "nmse_db_std": [
        0.0,
        0.0,
        0.0,
        0.0,
        0.0
      ]
    },
    "Tree-CoSaMP": {
      "nmse_db_mean": [
        -14.839351177215576,
        -20.969576835632324,
        -26.499946117401123,
        -36.57520771026611,
        -41.57011032104492
      ],
      "nmse_db_std": [
        0.0,
        0.0,
        0.0,
        0.0,
        0.0
      ]
    },
    "HyperLISTA": {
      "nmse_db_mean": [
        -7.602462371190389,
        -10.449556708335876,
        -13.479978442192078,
        -16.622683604558308,
        -16.092781225840252
      ],
      "nmse_db_std": [
        0.7049479819846299,
        2.1081825292037353,
        4.312251091072119,
        7.214082628144119,
        6.427438516985671
      ]
    },
    "TH-tree_hard": {
      "nmse_db_mean": [
        -15.248164335886637,
        -21.10844373703003,
        -25.683054129282635,
        -30.555474758148193,
        -31.119234561920166
      ],
      "nmse_db_std": [
        2.725930672668218e-05,
        0.00013824166311573243,
        0.00039337058610167764,
        0.0005968025498096571,
        0.0005023942057657683
      ]
    },
    "TH-hybrid_tree": {
      "nmse_db_mean": [
        -15.047154426574707,
        -20.750244458516438,
        -25.300323963165283,
        -30.638318061828613,
        -31.37140353520711
      ],
      "nmse_db_std": [
        0.24811765425095855,
        0.2884524692653584,
        0.24930029530230388,
        0.31980357371920326,
        0.48567731679837917
      ]
    }
  },
  "target_sparsity": {
    "values": [
      15,
      20,
      30,
      40,
      50
    ],
    "Tree-ISTA": {
      "nmse_db_mean": [
        -11.291594505310059,
        -9.274234771728516,
        -5.996846556663513,
        -4.171826243400574,
        -3.137879967689514
      ],
      "nmse_db_std": [
        0.0,
        0.0,
        0.0,
        0.0,
        0.0
      ]
    },
    "Tree-FISTA": {
      "nmse_db_mean": [
        -23.30277681350708,
        -18.4903085231781,
        -8.268593549728394,
        -4.711496531963348,
        -3.2374778389930725
      ],
      "nmse_db_std": [
        0.0,
        0.0,
        0.0,
        0.0,
        0.0
      ]
    },
    "LISTA": {
      "nmse_db_mean": [
        -23.031952381134033,
        -19.973171154658,
        -13.457030057907104,
        -9.10331130027771,
        -6.623715360959371
      ],
      "nmse_db_std": [
        0.020036960183541078,
        0.1702480547469719,
        0.08277755633526646,
        0.08439207570770853,
        0.051118187439064065
      ]
    },
    "Tree-LISTA": {
      "nmse_db_mean": [
        -7.53675639629364,
        -6.962009270985921,
        -5.340065956115723,
        -4.108960131804149,
        -3.089888592561086
      ],
      "nmse_db_std": [
        0.03730849901439887,
        0.035556039651581654,
        0.04868327745109047,
        0.04278708929875856,
        0.03490013509306109
      ]
    },
    "Tree-IHT": {
      "nmse_db_mean": [
        -11.157355308532715,
        -9.21597957611084,
        -5.9984952211380005,
        -4.187059104442596,
        -3.145662844181061
      ],
      "nmse_db_std": [
        0.0,
        0.0,
        0.0,
        0.0,
        0.0
      ]
    },
    "Tree-CoSaMP": {
      "nmse_db_mean": [
        -29.384982585906982,
        -30.0541090965271,
        -31.54630184173584,
        -9.062471985816956,
        -5.520992875099182
      ],
      "nmse_db_std": [
        0.0,
        0.0,
        0.0,
        0.0,
        0.0
      ]
    },
    "HyperLISTA": {
      "nmse_db_mean": [
        -23.910086154937744,
        -21.25598430633545,
        -15.851072669029236,
        7.914677858352661,
        45.31054496765137
      ],
      "nmse_db_std": [
        5.781017952463715,
        6.629221026570278,
        6.544247052393986,
        9.974206958723142,
        2.0241757364154607
      ]
    },
    "TH-tree_hard": {
      "nmse_db_mean": [
        -28.823715845743816,
        -30.026769638061523,
        -28.74432881673177,
        -15.346999963124594,
        -7.4157265822092695
      ],
      "nmse_db_std": [
        0.006130992468420308,
        0.0019202303998769464,
        0.00015566540356424594,
        0.0017198724670906963,
        6.715397862735782e-05
      ]
    },
    "TH-hybrid_tree": {
      "nmse_db_mean": [
        -26.048539479573567,
        -27.85269896189372,
        -28.645843664805096,
        -18.621604839960735,
        -9.463942249615988
      ],
      "nmse_db_std": [
        2.852656893311991,
        2.112280919540166,
        0.043324215305416205,
        2.4402783645883948,
        1.4408209240339027
      ]
    }
  },
  "operator_delta": {
    "values": [
      0.05,
      0.1,
      0.15,
      0.2,
      0.3
    ],
    "Tree-ISTA": {
      "nmse_db_mean": [
        -5.960511565208435,
        -5.922635793685913,
        -5.831353068351746,
        -5.679665207862854,
        -5.287571549415588
      ],
      "nmse_db_std": [
        0.0,
        0.0,
        0.0,
        0.0,
        0.0
      ]
    },
    "Tree-FISTA": {
      "nmse_db_mean": [
        -8.13652515411377,
        -7.996383309364319,
        -7.699240446090698,
        -7.312667965888977,
        -6.401872634887695
      ],
      "nmse_db_std": [
        0.0,
        0.0,
        0.0,
        0.0,
        0.0
      ]
    },
    "LISTA": {
      "nmse_db_mean": [
        -13.085935513178507,
        -12.103896935780844,
        -10.831610759099325,
        -9.512908260027567,
        -7.131253878275554
      ],
      "nmse_db_std": [
        0.08363324012099897,
        0.07946238569738404,
        0.07023607244624647,
        0.061246716416842824,
        0.04657375459874592
      ]
    },
    "Tree-LISTA": {
      "nmse_db_mean": [
        -5.3205786148707075,
        -5.2295927206675215,
        -5.112690528233846,
        -4.941404064496358,
        -4.479373494784038
      ],
      "nmse_db_std": [
        0.04622523847174045,
        0.044863775336473954,
        0.022331611746944962,
        0.024895931999242255,
        0.020325646574542607
      ]
    },
    "Tree-IHT": {
      "nmse_db_mean": [
        -5.957778096199036,
        -5.9074777364730835,
        -5.827645659446716,
        -5.681281685829163,
        -5.3147464990615845
      ],