{
  "magnitude": {
    "values": [
      1.0,
      1.5,
      2.0,
      3.0
    ],
    "LISTA": {
      "nmse_db_mean": [
        -13.473373055458069,
        -9.906598031520844,
        -7.401541471481323,
        -4.653380215167999
      ],
      "nmse_db_std": [
        0.05945026874542236,
        0.06544739007949829,
        0.06608188152313232,
        0.06398558616638184
      ]
    },
    "HyperLISTA": {
      "nmse_db_mean": [
        -18.970009684562683,
        58.82705211639404,
        73.66753816604614,
        85.63258647918701
      ],
      "nmse_db_std": [
        6.250641942024231,
        0.7747507095336914,
        0.5675911903381348,
        0.5380105972290039
      ]
    },
    "Tree-FISTA": {
      "nmse_db_mean": [
        -8.336284756660461,
        -8.499350547790527,
        -8.404151797294617,
        -8.257248997688293
      ],
      "nmse_db_std": [
        0.0,
        0.0,
        0.0,
        0.0
      ]
    },
    "Tree-CoSaMP": {
      "nmse_db_mean": [
        -31.42789125442505,
        -31.42789125442505,
        -31.42789125442505,
        -31.42789125442505
      ],
      "nmse_db_std": [
        0.0,
        0.0,
        0.0,
        0.0
      ]
    },
    "TH-hybrid": {
      "nmse_db_mean": [
        -28.708375692367554,
        -28.45189332962036,
        -28.230401277542114,
        -28.11748743057251
      ],
      "nmse_db_std": [
        0.0001895427703857422,
        0.00020265579223632812,
        0.001417398452758789,
        0.0002193450927734375
      ]
    }
  },
  "sensing": {
    "values": [
      "correlated",
      "partial_orthogonal",
      "ill_conditioned"
    ],
    "LISTA": {
      "nmse_db_mean": [
        4.053144603967667,
        4.118597060441971,
        4.136339575052261
      ],
      "nmse_db_std": [
        0.01871749758720398,
        0.01850530505180359,
        0.005455762147903442
      ]
    },
    "HyperLISTA": {
      "nmse_db_mean": [
        0.6774185597896576,
        0.6820901855826378,
        0.683376993983984
      ],
      "nmse_db_std": [
        0.08527547121047974,
        0.08367393165826797,
        0.08550973609089851
      ]
    },
    "Tree-FISTA": {
      "nmse_db_mean": [
        0.9789249300956726,
        0.985046774148941,
        0.9817823022603989
      ],
      "nmse_db_std": [
        0.0,
        0.0,
        0.0
      ]
    },
    "Tree-CoSaMP": {
      "nmse_db_mean": [
        3.3847075700759888,
        3.4378135204315186,
        3.4430402517318726
      ],
      "nmse_db_std": [
        0.0,
        0.0,
        0.0
      ]
    },
    "TH-hybrid": {
      "nmse_db_mean": [
        2.9634833335876465,
        2.9873695969581604,
        2.978406101465225
      ],
      "nmse_db_std": [
        3.5762786865234375e-06,
        2.5928020477294922e-05,
        4.023313522338867e-06
      ]
    }
  },
  "topology": {
    "values": [
      "shuffled_parents",
      "ternary_truncated"
    ],
    "LISTA": {
      "nmse_db_mean": [
        -10.662093758583069,
        -11.547094583511353
      ],
      "nmse_db_std": [
        0.07557213306427002,
        0.15979766845703125
      ]
    },
    "HyperLISTA": {
      "nmse_db_mean": [
        -18.072534203529358,
        -18.371446132659912
      ],
      "nmse_db_std": [
        5.845639109611511,
        6.0756635665893555
      ]
    },
    "Tree-FISTA": {
      "nmse_db_mean": [
        -4.184887409210205,
        -4.733493626117706
      ],
      "nmse_db_std": [
        0.0,
        0.0
      ]
    },
    "Tree-CoSaMP": {
      "nmse_db_mean": [
        -6.725215315818787,
        -7.546243667602539
      ],
      "nmse_db_std": [
        0.0,
        0.0
      ]
    },
    "TH-hybrid": {
      "nmse_db_mean": [
        -11.368492245674133,
        -13.624933958053589
      ],
      "nmse_db_std": [
        5.960464477539062e-07,
        1.1920928955078125e-06
      ]
    }
  },
  "consistency": {
    "values": [
      0.0,
      0.1,
      0.25,
      0.5
    ],
    "LISTA": {
      "nmse_db_mean": [
        -13.465941548347473,
        -11.88058853149414,
        -9.627212584018707,
        -7.352864146232605
      ],
      "nmse_db_std": [
        0.06942927837371826,
        0.08447885513305664,
        0.04661649465560913,
        0.009502768516540527
      ]
    },
    "HyperLISTA": {
      "nmse_db_mean": [
        -18.39125394821167,
        -16.782864928245544,
        -17.653027176856995,
        -12.602488994598389
      ],
      "nmse_db_std": [
        5.7642388343811035,
        4.331212639808655,
        5.862144827842712,
        0.4903709888458252
      ]
    },
    "Tree-FISTA": {
      "nmse_db_mean": [
        -8.370577692985535,
        -6.150451302528381,
        -4.361121654510498,
        -2.9104354977607727
      ],
      "nmse_db_std": [
        0.0,
        0.0,
        0.0,
        0.0
      ]
    },
    "Tree-CoSaMP": {
      "nmse_db_mean": [
        -31.515183448791504,
        -11.878958940505981,
        -7.6224082708358765,
        -4.719853699207306
      ],
      "nmse_db_std": [
        0.0,
        0.0,
        0.0,
        0.0
      ]
    },
    "TH-hybrid": {
      "nmse_db_mean": [
        -28.76553177833557,
        -25.003010034561157,
        -13.668268918991089,
        -7.218400239944458
      ],
      "nmse_db_std": [
        0.00015854835510253906,
        1.1920928955078125e-06,
        1.1920928955078125e-06,
        1.7881393432617188e-06
      ]
    }
  }
}