{
  "ratio_0.1": {
    "Group-FISTA": {
      "psnr_mean": 13.162840241688423,
      "psnr_std": 1.9578994045854832,
      "ssim_mean": 0.49915179909793295,
      "ssim_std": 0.11730754611387315
    },
    "ALISTA": {
      "psnr_mean": 13.800156394885827,
      "psnr_std": 2.123678442431652,
      "ssim_mean": 0.4948577304446507,
      "ssim_std": 0.11609485759159179
    },
    "Ada-BLISTA-T": {
      "psnr_mean": 14.63458887788292,
      "psnr_std": 2.339135330980551,
      "ssim_mean": 0.5441518306767157,
      "ssim_std": 0.11173032319116719
    },
    "HyperLISTA": {
      "psnr_mean": 11.537735184647907,
      "psnr_std": 1.7900508335229475,
      "ssim_mean": 0.7016886134438511,
      "ssim_std": 0.07510582387700285
    },
    "SH-topk_group": {
      "psnr_mean": 12.80488260072005,
      "psnr_std": 2.645560021834262,
      "ssim_mean": 0.6077987404646394,
      "ssim_std": 0.08681894741668712
    },
    "SH-hybrid": {
      "psnr_mean": 12.356046924195116,
      "psnr_std": 1.6234552410529939,
      "ssim_mean": 0.6992958257590276,
      "ssim_std": 0.07508779288424773
    }
  },
  "ratio_0.25": {
    "Group-FISTA": {
      "psnr_mean": 17.045873244936136,
      "psnr_std": 2.732751499295858,
      "ssim_mean": 0.642519562867966,
      "ssim_std": 0.10128465176214305
    },
    "ALISTA": {
      "psnr_mean": 20.320010017618326,
      "psnr_std": 3.1398364234571177,
      "ssim_mean": 0.6759379345719344,
      "ssim_std": 0.08095725690349272
    },
    "Ada-BLISTA-T": {
      "psnr_mean": 22.588557870710172,
      "psnr_std": 3.125510473859122,
      "ssim_mean": 0.7303253473404062,
      "ssim_std": 0.07620614818776605
    },
    "HyperLISTA": {
      "psnr_mean": 12.80789015438185,
      "psnr_std": 1.6011842398646683,
      "ssim_mean": 0.7157236350909272,
      "ssim_std": 0.07214733671784408
    },
    "SH-topk_group": {
      "psnr_mean": 23.324835064251296,
      "psnr_std": 4.340323094325698,
      "ssim_mean": 0.773873691655384,
      "ssim_std": 0.07560054637131582
    },
    "SH-hybrid": {
      "psnr_mean": 18.04108507766348,
      "psnr_std": 1.249848129938185,
      "ssim_mean": 0.7600627094250424,
      "ssim_std": 0.06514440782167316
    }
  },
  "ratio_0.5": {
    "Group-FISTA": {
      "psnr_mean": 25.7246477216156,
      "psnr_std": 2.5530415451133046,
      "ssim_mean": 0.8537420286862049,
      "ssim_std": 0.04400053569583719
    },
    "ALISTA": {
      "psnr_mean": 35.80343927857545,
      "psnr_std": 2.7312054287603327,
      "ssim_mean": 0.9671004789944846,
      "ssim_std": 0.014642086205054205
    },
    "Ada-BLISTA-T": {
      "psnr_mean": 27.16730660212149,
      "psnr_std": 4.507084028553247,
      "ssim_mean": 0.8502272581597826,
      "ssim_std": 0.04044746042614698
    },
    "HyperLISTA": {
      "psnr_mean": 18.843286185631868,
      "psnr_std": 1.0486117367292025,
      "ssim_mean": 0.8201818760538355,
      "ssim_std": 0.038339599598856695
    },
    "SH-topk_group": {
      "psnr_mean": 35.093628585360904,
      "psnr_std": 1.6616608011999887,
      "ssim_mean": 0.9364804698636072,
      "ssim_std": 0.0152662669155524
    },
    "SH-hybrid": {
      "psnr_mean": 27.013251184732546,
      "psnr_std": 1.3124262756440692,
      "ssim_mean": 0.8888042507617333,
      "ssim_std": 0.01952366418145329
    }
  }
}