{
  "K_layers": 6,
  "n_instances": 3,
  "global": {
    "nmse_mean": [
      0.0,
      -1.9237330555915833,
      -2.4268406132857003,
      -2.729853540658951,
      -2.960088402032852,
      -3.1146209438641868,
      -3.2720255851745605
    ],
    "nmse_std": [
      0.0,
      0.3395998538713663,
      0.4100843098737234,
      0.4266963406492367,
      0.4417906951859185,
      0.41637648467443245,
      0.42254533518765053
    ]
  },
  "per_instance": {
    "nmse_mean": [
      0.0,
      -2.3168818652629852,
      -2.8046117226282754,
      -3.234605590502421,
      -3.528916835784912,
      -3.7671629587809243,
      -4.001258512338002
    ],
    "nmse_std": [
      0.0,
      0.3397613985317225,
      0.17033889284870984,
      0.16047467321248937,
      0.2103372443505821,
      0.35595274084402634,
      0.5097649157546357
    ]
  },
  "cg_switch": {
    "nmse_mean": [
      0.0,
      -2.3168818652629852,
      -2.8046117226282754,
      -3.234605590502421,
      -3.528916835784912,
      -3.7671629587809243,
      -4.001258512338002
    ],
    "nmse_std": [
      0.0,
      0.3397613985317225,
      0.17033889284870984,
      0.16047467321248937,
      0.2103372443505821,
      0.35595274084402634,
      0.5097649157546357
    ]
  }
}